Day,Audience Problem,Content Theme,Format,Hook,CTA,Status,Ready?
Monday,,,,,,,=IF(AND(B2<>"",C2<>"",D2<>"",E2<>"",F2<>""),"YES","NO")
Tuesday,,,,,,,=IF(AND(B3<>"",C3<>"",D3<>"",E3<>"",F3<>""),"YES","NO")
Wednesday,,,,,,,=IF(AND(B4<>"",C4<>"",D4<>"",E4<>"",F4<>""),"YES","NO")
Thursday,,,,,,,=IF(AND(B5<>"",C5<>"",D5<>"",E5<>"",F5<>""),"YES","NO")
Friday,,,,,,,=IF(AND(B6<>"",C6<>"",D6<>"",E6<>"",F6<>""),"YES","NO")
,,,,,,,
Weekly target,5,,,,,,
Posts ready,=COUNTIF(H2:H6,"YES"),,,,,,
Completion,=B9/B8,,,,,,
,,,,,,,
NEXT STEP,Turn this one-week rhythm into a repeatable publishing system.,,,,,,
Related paid offer,Business Bloom Social Media System,,,,,,
